id,filename,video_culture,emotions,gender,confidence,comment,annotator_culture,annotator_language,emoji,annotator_individuality,intensity
1,persian/vid_58.mp4,,"contempt,disgust",female,3,"",persian,persian,none,4,2
2,persian/vid_27.mp4,,none,male,5,"",persian,persian,unamused,2,5
3,persian/vid_89.mp4,,anger,female,5,"",persian,persian,hatred,2,2
4,persian/vid_61.mp4,,annoyed,female,5,"",persian,persian,angry,2,4
5,persian/vid_49.mp4,,anger,male,5,"",persian,persian,hatred,2,6
6,persian/vid_19.mp4,,none,male,5,"",persian,persian,rollingeyes,2,5
7,persian/vid_5.mp4,,none,male,5,"",persian,persian,smirk,2,4
8,persian/vid_85.mp4,,none,male,5,"",persian,persian,weary,2,5
9,persian/vid_37.mp4,,furious,female,5,"",persian,persian,"hatred,furious",2,5
10,persian/vid_63.mp4,,"anger,furious",female,5,"",persian,persian,hatred,2,4
11,persian/vid_97.mp4,,contempt,male,5,"",persian,persian,smirk,2,5
12,persian/vid_21.mp4,,none,male,5,"",persian,persian,skeptical,2,5
13,persian/vid_1.mp4,,annoyed,male,5,"",persian,persian,unamused,2,5
14,persian/vid_9.mp4,,none,male,5,"",persian,persian,unamused,2,3
15,persian/vid_79.mp4,,"anger,annoyed,furious",female,5,"",persian,persian,"hatred,furious",2,5
16,persian/vid_59.mp4,,"anger,furious",female,5,"",persian,persian,"hatred,furious",2,5
17,persian/vid_57.mp4,,disgust,male,5,"",persian,persian,vomiting,2,4
18,persian/vid_13.mp4,,none,male,5,"",persian,persian,expressionless,2,5
19,persian/vid_77.mp4,,"anger,annoyed",male,5,"",persian,persian,"hatred,furious,weary",2,5
20,persian/vid_7.mp4,,contempt,female,4,"",persian,persian,weary,2,5
21,persian/vid_35.mp4,,"anger,annoyed,furious",female,5,"",persian,persian,"hatred,furious",2,6
22,persian/vid_29.mp4,,"contempt,annoyed",female,4,"",persian,persian,"smirk,angry",2,5
23,persian/vid_43.mp4,,anger,female,3,"",persian,persian,angry,2,4
24,persian/vid_14.mp4,,annoyed,female,2,"",persian,persian,unamused,4,2
25,persian/vid_62.mp4,,anger,female,5,"",persian,persian,furious,4,6
26,persian/vid_66.mp4,,"contempt,none",male,4,tired?,persian,persian,rollingeyes,4,1
27,persian/vid_38.mp4,,hatred,female,4,"",persian,persian,angry,4,3
28,persian/vid_46.mp4,,annoyed,male,2,"",persian,persian,weary,4,2
29,persian/vid_46.mp4,,annoyed,male,2,"",persian,persian,weary,4,2
30,persian/vid_70.mp4,,"anger,annoyed",male,4,"",persian,persian,furious,4,4
31,persian/vid_72.mp4,,annoyed,male,4,"",persian,persian,triumph,4,3
32,persian/vid_72.mp4,,annoyed,male,4,"",persian,persian,triumph,4,3
33,persian/vid_4.mp4,,annoyed,female,5,"",persian,persian,hatred,4,3
34,persian/vid_76.mp4,,hatred,male,4,"",persian,persian,"angry,nauseated",4,5
35,persian/vid_16.mp4,,contempt,male,5,"",persian,persian,smirk,4,4
36,persian/vid_12.mp4,,contempt,male,5,"",persian,persian,smirk,4,3
37,persian/vid_30.mp4,,"hatred,furious,none",female,1,devastated,persian,persian,weary,4,1
38,persian/vid_22.mp4,,annoyed,female,2,"",persian,persian,angry,4,2
39,persian/vid_82.mp4,,anger,male,3,"",persian,persian,angry,4,2
40,persian/vid_92.mp4,,disgust,male,4,"",persian,persian,nauseated,4,3
41,persian/vid_52.mp4,,annoyed,male,5,"",persian,persian,unamused,4,3
42,persian/vid_52.mp4,,annoyed,male,5,"",persian,persian,unamused,4,3
43,persian/vid_26.mp4,,none,female,2,tired,persian,persian,weary,4,2
44,persian/vid_48.mp4,,none,male,1,disappointed,persian,persian,unamused,4,1
45,persian/vid_80.mp4,,annoyed,male,4,"",persian,persian,"furious,triumph",4,3
46,persian/vid_32.mp4,,"annoyed,hatred",male,3,"",persian,persian,angry,4,1
47,persian/vid_84.mp4,,anger,male,4,"",persian,persian,hatred,4,4
48,persian/vid_74.mp4,,furious,male,5,"",persian,persian,"furious,triumph",4,5
49,persian/vid_18.mp4,,hatred,female,1,"",persian,persian,"unamused,rollingeyes",4,4
50,persian/vid_8.mp4,,hatred,female,4,"",persian,persian,"nauseated,weary,triumph",4,4
51,persian/vid_40.mp4,,hatred,male,5,"",persian,persian,"hatred,nauseated,weary",4,3
52,persian/vid_20.mp4,,contempt,male,5,"",persian,persian,smirk,4,2
53,persian/vid_96.mp4,,contempt,male,3,"",persian,persian,"smirk,smilingimp",4,2
54,persian/vid_36.mp4,,"disgust,annoyed",female,5,"",persian,persian,"angry,hatred,weary",4,4
55,persian/vid_6.mp4,,none,male,4,confused,persian,persian,skeptical,4,3
56,persian/vid_34.mp4,,none,male,4,tired,persian,persian,weary,4,2
57,persian/vid_42.mp4,,anger,female,2,"",persian,persian,triumph,4,3
58,persian/vid_68.mp4,,furious,male,5,"",persian,persian,"furious,triumph",4,5
59,persian/vid_78.mp4,,"annoyed,furious",male,5,"",persian,persian,"furious,triumph",4,6
60,persian/vid_50.mp4,,"disgust,hatred",female,4,"",persian,persian,"nauseated,weary",4,4
61,persian/vid_54.mp4,,disgust,male,4,"",persian,persian,"unamused,nauseated",4,4
62,persian/vid_28.mp4,,contempt,female,1,"",persian,persian,smirk,4,4
63,persian/vid_60.mp4,,furious,female,5,"",persian,persian,"angry,hatred,furious,triumph",4,6
64,persian/vid_60.mp4,,furious,female,5,"",persian,persian,"angry,hatred,furious,triumph",4,6
65,persian/vid_60.mp4,,furious,female,5,"",persian,persian,"angry,hatred,furious,triumph",4,6
66,persian/vid_94.mp4,,none,male,1,"",persian,persian,rollingeyes,4,1
67,persian/vid_94.mp4,,none,male,1,"",persian,persian,rollingeyes,4,1
68,persian/vid_94.mp4,,none,male,1,"",persian,persian,rollingeyes,4,1
69,persian/vid_10.mp4,,annoyed,male,3,"",persian,persian,unamused,4,1
70,persian/vid_10.mp4,,annoyed,male,3,"",persian,persian,unamused,4,1
71,persian/vid_10.mp4,,annoyed,male,3,"",persian,persian,unamused,4,1
72,persian/vid_56.mp4,,disgust,male,3,"",persian,persian,"unamused,nauseated",4,3
73,persian/vid_58.mp4,,annoyed,female,4,"",persian,persian,"rollingeyes,weary",4,3
74,persian/vid_58.mp4,,annoyed,female,4,"",persian,persian,"rollingeyes,weary",4,3
75,persian/vid_58.mp4,,annoyed,female,4,"",persian,persian,"rollingeyes,weary",4,3
76,persian/vid_58.mp4,,annoyed,female,4,"",persian,persian,"rollingeyes,weary",4,3
77,persian/vid_24.mp4,,hatred,female,2,"",persian,persian,"smirk,weary",4,3
78,persian/vid_44.mp4,,annoyed,female,4,"",persian,persian,angry,4,3
79,persian/vid_44.mp4,,annoyed,female,4,"",persian,persian,angry,4,3
80,persian/vid_44.mp4,,annoyed,female,4,"",persian,persian,angry,4,3
81,persian/vid_2.mp4,,contempt,male,3,"",persian,persian,unamused,4,1
82,persian/vid_64.mp4,,annoyed,male,2,"",persian,persian,weary,4,1
83,persian/vid_64.mp4,,annoyed,male,2,"",persian,persian,weary,4,1
93,persian/vid_64.mp4,,annoyed,male,2,"",persian,persian,weary,4,1
94,persian/vid_86.mp4,,"disgust,annoyed",female,2,"",persian,persian,"unamused,nauseated,weary",4,2
95,persian/vid_90.mp4,,annoyed,female,4,"",persian,persian,"angry,triumph",4,3
96,persian/vid_88.mp4,,furious,female,5,"",persian,persian,furious,4,5
97,persian/vid_55.mp4,,"contempt,annoyed,hatred",male,5,I guess he feels so miserable,persian,persian,weary,1,5
98,persian/vid_97.mp4,,contempt,male,5,"",persian,persian,"smirk,neutral,expressionless,rollingeyes",1,4
99,persian/vid_11.mp4,,none,male,4,"",persian,persian,rollingeyes,1,4
100,persian/vid_85.mp4,,"anger,furious",male,5,"",persian,persian,"angry,hatred,furious,triumph",1,4
101,persian/vid_17.mp4,,contempt,male,4,"",persian,persian,hatred,2,4
102,persian/vid_31.mp4,,none,male,4,Ridicule,persian,persian,smirk,2,5
103,persian/vid_13.mp4,,"anger,annoyed,furious",male,4,"",persian,persian,"angry,hatred,triumph",1,2
104,persian/vid_95.mp4,,none,male,5,Stunned,persian,persian,neutral,2,5
105,persian/vid_51.mp4,,annoyed,female,5,"",persian,persian,weary,2,1
106,persian/vid_83.mp4,,anger,male,5,"",persian,persian,angry,2,3
107,persian/vid_41.mp4,,hatred,male,5,"",persian,persian,hatred,2,5
108,persian/vid_3.mp4,,"anger,contempt,furious",male,4,"",persian,persian,"skeptical,angry,hatred",1,4
109,persian/vid_15.mp4,,annoyed,male,5,"",persian,persian,weary,2,5
110,persian/vid_11.mp4,,none,male,5,uncertain ,persian,persian,skeptical,2,4
111,persian/vid_75.mp4,,furious,male,5,"",persian,persian,hatred,2,5
112,persian/vid_69.mp4,,"anger,hatred,furious",female,5,"",persian,persian,"angry,hatred,furious,triumph",1,4
113,persian/vid_73.mp4,,none,female,5,Sad,persian,persian,unamused,2,4
114,persian/vid_65.mp4,,annoyed,female,4,"",persian,persian,unamused,2,5
115,persian/vid_5.mp4,,contempt,male,3,"",persian,persian,"skeptical,neutral",1,4
116,persian/vid_83.mp4,,anger,male,5,"",persian,persian,"angry,hatred,triumph",1,5
117,persian/vid_25.mp4,,none,female,4,Ridicule,persian,persian,neutral,2,5
118,persian/vid_33.mp4,,contempt,male,4,"",persian,persian,"smirk,unamused",2,3
119,persian/vid_67.mp4,,"anger,annoyed,furious",male,5,"",persian,persian,"furious,triumph",1,6
120,persian/vid_55.mp4,,none,male,5,Ridicule,persian,persian,smirk,2,5
121,persian/vid_45.mp4,,"annoyed,hatred",male,4,"",persian,persian,expressionless,2,4
122,persian/vid_23.mp4,,contempt,female,5,"",persian,persian,smirk,2,5
123,persian/vid_43.mp4,,"anger,contempt,disgust",female,4,"",persian,persian,"hatred,smilingimp,triumph",1,5
124,persian/vid_3.mp4,,"annoyed,none",male,4,"",persian,persian,expressionless,2,4
125,persian/vid_93.mp4,,"anger,furious",female,5,"",persian,persian,"hatred,furious",2,5
126,persian/vid_49.mp4,,"anger,annoyed",male,5,"",persian,persian,"weary,triumph",1,5
127,persian/vid_47.mp4,,none,male,5,detached ,persian,persian,neutral,2,6
128,persian/vid_59.mp4,,"hatred,furious",female,5,"",persian,persian,"furious,triumph",1,6
129,persian/vid_71.mp4,,"anger,annoyed",male,4,"",persian,persian,"angry,triumph",2,5
130,persian/vid_53.mp4,,"anger,furious",female,5,"",persian,persian,"angry,hatred",2,5
131,persian/vid_69.mp4,,"annoyed,hatred",female,4,"",persian,persian,"angry,triumph",2,5
132,persian/vid_89.mp4,,"anger,annoyed,hatred,furious",female,5,"",persian,persian,"angry,hatred,triumph",1,6
133,persian/vid_87.mp4,,"anger,none",male,4,"",persian,persian,smirk,2,1
134,persian/vid_67.mp4,,"anger,annoyed",male,5,"",persian,persian,"angry,triumph",2,4
135,persian/vid_91.mp4,,annoyed,male,5,"",persian,persian,triumph,2,4
136,persian/vid_29.mp4,,hatred,female,5,hopeless,persian,persian,skeptical,1,2
137,persian/vid_81.mp4,,"anger,hatred,furious",male,5,"",persian,persian,"angry,hatred,furious,triumph",2,6
138,persian/vid_95.mp4,,"anger,contempt,hatred",male,5,"",persian,persian,"neutral,expressionless,angry,triumph",1,4
139,persian/vid_9.mp4,,"anger,contempt",male,4,"",persian,persian,"skeptical,angry",1,4
140,persian/vid_21.mp4,,none,male,4,"",persian,persian,smirk,1,2
141,persian/vid_53.mp4,,"hatred,furious",female,5,"",persian,persian,"angry,hatred,furious,nauseated,triumph",1,6
142,persian/vid_57.mp4,,annoyed,male,5,hopeless,persian,persian,"unamused,weary",1,6
143,persian/vid_63.mp4,,"anger,furious",female,5,"",persian,persian,"hatred,triumph",1,4
144,persian/vid_41.mp4,,anger,male,5,desperate,persian,persian,"angry,hatred,triumph",1,6
145,persian/vid_41.mp4,,anger,male,5,desperate,persian,persian,"angry,hatred,triumph",1,6
146,persian/vid_31.mp4,,none,male,5,indifferent,persian,persian,smirk,1,4
147,persian/vid_51.mp4,,"anger,furious",female,5,and scared,persian,persian,"angry,hatred",1,6
148,persian/vid_61.mp4,,anger,female,4,and scared,persian,persian,angry,1,5
149,persian/vid_75.mp4,,"anger,furious",male,5,"",persian,persian,"hatred,furious,triumph",1,6
150,persian/vid_7.mp4,,"anger,contempt",female,4,"",persian,persian,"smirk,angry,hatred,furious",1,6
151,persian/vid_33.mp4,,"anger,contempt",male,5,and confused,persian,persian,"skeptical,angry,hatred",1,5
152,persian/vid_93.mp4,,"anger,hatred,furious",female,4,"",persian,persian,"angry,hatred,triumph",1,4
153,persian/vid_1.mp4,,none,male,5,sad and confused,persian,persian,"unamused,rollingeyes",1,3
154,persian/vid_71.mp4,,"anger,furious",male,5,"",persian,persian,"hatred,furious",1,6
155,persian/vid_23.mp4,,contempt,female,5,"",persian,persian,none,1,5
156,persian/vid_45.mp4,,none,male,4,scared,persian,persian,none,1,3
157,persian/vid_91.mp4,,"anger,annoyed,furious",male,5,"",persian,persian,"angry,hatred,triumph",1,6
158,persian/vid_17.mp4,,none,male,5,malignancy,persian,persian,smilingimp,1,1
159,persian/vid_47.mp4,,none,male,5,indifference,persian,persian,"neutral,rollingeyes",1,4
160,persian/vid_35.mp4,,"anger,furious",female,5,"",persian,persian,"angry,hatred",1,5
161,persian/vid_15.mp4,,furious,male,5,"",persian,persian,"angry,hatred,triumph",1,3
162,persian/vid_15.mp4,,furious,male,5,"",persian,persian,"angry,hatred,triumph",1,3
163,persian/vid_37.mp4,,"annoyed,furious",female,4,"",persian,persian,"angry,hatred",1,4
164,persian/vid_37.mp4,,"annoyed,furious",female,4,"",persian,persian,"angry,hatred",1,4
165,persian/vid_19.mp4,,furious,male,5,and sad and hopeless,persian,persian,"neutral,expressionless,unamused,angry",1,3
166,persian/vid_73.mp4,,annoyed,female,5,"",persian,persian,"unamused,weary",1,4
167,persian/vid_77.mp4,,"anger,annoyed",male,5,"",persian,persian,"furious,triumph",1,6
168,persian/vid_65.mp4,,furious,female,5,"",persian,persian,triumph,1,4
169,persian/vid_27.mp4,,none,male,4,confused,persian,persian,skeptical,1,3
170,persian/vid_79.mp4,,anger,female,5,"",persian,persian,"hatred,furious",1,6
171,persian/vid_81.mp4,,anger,male,5,"",persian,persian,furious,1,6
172,persian/vid_25.mp4,,none,female,4,helpless,persian,persian,none,1,3
173,persian/vid_25.mp4,,none,female,4,helpless,persian,persian,none,1,3
174,persian/vid_25.mp4,,none,female,4,helpless,persian,persian,none,1,3
175,na/vid_52.mp4,,disgust,female,4,"",north american,english,nauseated,2,5
176,na/vid_4.mp4,,annoyed,male,4,"",north american,english,unamused,2,1
177,na/vid_22.mp4,,annoyed,male,4,"",north american,english,rollingeyes,2,3
178,na/vid_20.mp4,,none,female,2,"",north american,english,neutral,2,0
179,na/vid_42.mp4,,disgust,male,4,"",north american,english,weary,2,3
180,na/vid_48.mp4,,disgust,male,4,"",north american,english,vomiting,2,6
181,na/vid_50.mp4,,disgust,male,4,"",north american,english,nauseated,2,4
182,na/vid_72.mp4,,furious,female,4,"",north american,english,triumph,2,5
183,na/vid_24.mp4,,none,male,4,"",north american,english,neutral,2,3
184,na/vid_78.mp4,,hatred,male,4,"",north american,english,furious,2,4
185,na/vid_28.mp4,,contempt,female,4,"",north american,english,unamused,2,2
186,na/vid_8.mp4,,annoyed,male,4,"",north american,english,expressionless,2,1
187,na/vid_84.mp4,,annoyed,female,4,"",north american,english,angry,2,3
188,na/vid_32.mp4,,contempt,male,4,"",north american,english,unamused,2,1
189,na/vid_12.mp4,,annoyed,female,4,"",north american,english,unamused,2,2
190,na/vid_58.mp4,,disgust,female,4,"",north american,english,nauseated,2,3
191,na/vid_68.mp4,,furious,female,4,"",north american,english,triumph,2,4
192,na/vid_88.mp4,,annoyed,female,4,"",north american,english,expressionless,2,2
193,na/vid_30.mp4,,anger,male,4,"",north american,english,angry,2,2
194,na/vid_80.mp4,,furious,male,4,"",north american,english,triumph,2,4
195,na/vid_14.mp4,,annoyed,female,4,"",north american,english,unamused,2,4
196,na/vid_66.mp4,,furious,male,4,"",north american,english,furious,2,6
197,na/vid_6.mp4,,annoyed,male,4,"",north american,english,unamused,2,2
198,na/vid_86.mp4,,anger,female,4,"",north american,english,hatred,2,4
199,na/vid_40.mp4,,disgust,male,4,"",north american,english,unamused,2,2
200,na/vid_74.mp4,,anger,male,4,"",north american,english,furious,2,4
201,na/vid_76.mp4,,furious,female,4,"",north american,english,furious,2,5
202,na/vid_16.mp4,,annoyed,female,4,"",north american,english,expressionless,2,3
203,na/vid_44.mp4,,disgust,male,4,"",north american,english,nauseated,2,0
204,na/vid_34.mp4,,none,male,4,"",north american,english,neutral,2,0
205,na/vid_46.mp4,,disgust,male,4,"",north american,english,weary,2,0
206,na/vid_26.mp4,,none,male,4,"",north american,english,neutral,2,0
207,na/vid_60.mp4,,disgust,female,4,"",north american,english,vomiting,2,4
208,na/vid_18.mp4,,annoyed,female,4,"",north american,english,unamused,2,2
209,na/vid_54.mp4,,disgust,male,4,"",north american,english,nauseated,2,3
210,na/vid_10.mp4,,annoyed,female,4,"",north american,english,rollingeyes,2,1
211,na/vid_2.mp4,,annoyed,male,4,"",north american,english,unamused,2,1
212,na/vid_36.mp4,,none,female,4,"",north american,english,neutral,2,0
213,na/vid_64.mp4,,furious,female,4,"",north american,english,hatred,2,1
214,na/vid_62.mp4,,none,female,4,"",north american,english,expressionless,2,0
215,na/vid_56.mp4,,anger,female,4,"",north american,english,angry,2,0
216,na/vid_82.mp4,,furious,female,4,"",north american,english,hatred,2,1
217,na/vid_38.mp4,,anger,female,4,"",north american,english,angry,2,1
218,na/vid_70.mp4,,anger,female,4,"",north american,english,furious,2,1
219,persian/vid_26.mp4,,none,female,3,dissapointment,persian,persian,weary,3,2
220,persian/vid_36.mp4,,"anger,annoyed",female,4,"",persian,persian,"unamused,angry",3,4
221,persian/vid_94.mp4,,annoyed,male,3,"",persian,persian,"unamused,triumph",3,2
222,persian/vid_85.mp4,,anger,male,4,"",persian,persian,hatred,2,4
223,persian/vid_19.mp4,,none,male,3,"",persian,persian,unamused,2,2
224,persian/vid_71.mp4,,hatred,male,4,"",persian,persian,triumph,2,3
225,persian/vid_94.mp4,,contempt,male,2,"",persian,persian,smirk,4,2
226,persian/vid_54.mp4,,disgust,male,3,"",persian,persian,angry,4,3
227,persian/vid_94.mp4,,annoyed,male,3,"",persian,persian,"unamused,triumph",3,2
228,persian/vid_30.mp4,,contempt,female,2,"",persian,persian,"rollingeyes,weary",3,1
229,persian/vid_14.mp4,,none,female,3,Sarcastic?,persian,persian,"skeptical,unamused",3,1
230,persian/vid_14.mp4,,none,female,3,Sarcastic?,persian,persian,"skeptical,unamused",3,1
231,persian/vid_28.mp4,,contempt,female,3,"",persian,persian,"unamused,triumph",3,2
232,persian/vid_54.mp4,,"contempt,disgust",male,3,"",persian,persian,"unamused,angry,triumph",3,3
233,persian/vid_74.mp4,,"annoyed,hatred,furious",male,4,"",persian,persian,"angry,hatred,furious,triumph",3,4
234,persian/vid_34.mp4,,contempt,male,2,Sarcastic? (why dont we have emoji with cheek raise?),persian,persian,"unamused,rollingeyes",3,2
235,persian/vid_42.mp4,,"annoyed,furious",female,3,each second of the video is different ,persian,persian,"angry,triumph",3,3
236,persian/vid_62.mp4,,"anger,furious",female,4,"",persian,persian,"angry,weary",3,3
237,persian/vid_44.mp4,,none,female,2,not sure,persian,persian,unamused,3,1
238,persian/vid_70.mp4,,furious,male,4,"",persian,persian,hatred,3,3
239,persian/vid_78.mp4,,furious,male,4,"",persian,persian,"angry,triumph",3,3
240,persian/vid_82.mp4,,annoyed,male,4,"",persian,persian,angry,3,3
241,persian/vid_96.mp4,,none,male,3,I do not see any emotions,persian,persian,none,3,0
242,persian/vid_76.mp4,,furious,male,4,"",persian,persian,"angry,hatred,triumph",3,4
243,persian/vid_16.mp4,,contempt,male,3,Sarcastic smile,persian,persian,"smirk,none",3,1
244,persian/vid_18.mp4,,contempt,female,5,"",persian,persian,unamused,3,4
245,persian/vid_72.mp4,,"contempt,annoyed",male,3,"",persian,persian,"unamused,angry",3,2
246,persian/vid_92.mp4,,contempt,male,4,"",persian,persian,"unamused,triumph",3,4
247,persian/vid_64.mp4,,anger,male,3,"",persian,persian,hatred,3,3
248,persian/vid_8.mp4,,contempt,female,3,"",persian,persian,"unamused,triumph",3,2
249,persian/vid_6.mp4,,annoyed,male,2,More of a Sadness,persian,persian,"expressionless,triumph,none",3,1
250,persian/vid_58.mp4,,contempt,female,3,"",persian,persian,"unamused,rollingeyes",3,2
251,persian/vid_12.mp4,,none,male,2,ashamed,persian,persian,weary,3,0
252,persian/vid_84.mp4,,anger,male,3,"",persian,persian,hatred,3,3
253,persian/vid_38.mp4,,anger,female,3,"",persian,persian,"angry,triumph",3,2
254,persian/vid_38.mp4,,anger,female,3,"",persian,persian,"angry,triumph",3,2
255,persian/vid_2.mp4,,annoyed,male,4,"",persian,persian,unamused,3,4
256,persian/vid_56.mp4,,contempt,male,2,"",persian,persian,triumph,3,1
257,persian/vid_20.mp4,,contempt,male,2,"",persian,persian,"unamused,rollingeyes",3,1
258,persian/vid_4.mp4,,"disgust,furious",female,4,Contempting,persian,persian,unamused,2,4
259,persian/vid_76.mp4,,"anger,annoyed,hatred,furious",male,5,"",persian,persian,hatred,2,6
260,persian/vid_70.mp4,,"anger,annoyed,furious",male,5,"",persian,persian,angry,2,4
261,persian/vid_78.mp4,,"anger,annoyed,furious",male,4,"",persian,persian,angry,2,2
262,persian/vid_58.mp4,,"contempt,annoyed",female,5,"",persian,persian,unamused,2,5
263,persian/vid_66.mp4,,annoyed,male,5,"",persian,persian,expressionless,2,5
264,persian/vid_94.mp4,,none,male,3,"",persian,persian,skeptical,2,3
265,persian/vid_36.mp4,,"anger,contempt,annoyed,furious",female,5,"",persian,persian,angry,2,5
266,persian/vid_60.mp4,,"anger,furious",female,4,"",persian,persian,triumph,2,5
267,persian/vid_34.mp4,,"contempt,annoyed",male,4,bored,persian,persian,unamused,2,5
268,persian/vid_44.mp4,,annoyed,female,4,"",persian,persian,skeptical,2,5
269,persian/vid_48.mp4,,"annoyed,furious",male,2,"",persian,persian,expressionless,2,3
270,persian/vid_22.mp4,,"contempt,disgust,annoyed",female,4,"",persian,persian,smirk,2,4
271,persian/vid_40.mp4,,"anger,disgust,hatred",male,4,"",persian,persian,angry,2,6
272,persian/vid_42.mp4,,"disgust,hatred",female,4,"",persian,persian,weary,2,5
273,persian/vid_82.mp4,,"anger,annoyed,furious",male,4,"",persian,persian,neutral,2,4
274,persian/vid_28.mp4,,"contempt,annoyed",female,5,"",persian,persian,smirk,2,6
275,persian/vid_88.mp4,,"anger,disgust,annoyed,furious",female,4,"",persian,persian,triumph,2,4
276,persian/vid_54.mp4,,contempt,male,4,"",persian,persian,nauseated,2,4
277,persian/vid_52.mp4,,"contempt,disgust,annoyed,hatred,furious",male,5,"",persian,persian,weary,2,5
278,persian/vid_2.mp4,,furious,male,4,"",persian,persian,triumph,2,5
279,persian/vid_18.mp4,,"contempt,disgust,annoyed",female,4,"",persian,persian,vomiting,2,6
280,persian/vid_38.mp4,,"disgust,annoyed",female,4,"",persian,persian,smilingimp,2,2
281,persian/vid_50.mp4,,"disgust,annoyed",female,4,"",persian,persian,triumph,2,4
282,persian/vid_97.mp4,,contempt,male,5,"",persian,persian,neutral,4,1
283,persian/vid_61.mp4,,anger,female,5,"",persian,persian,furious,4,3
284,persian/vid_47.mp4,,annoyed,male,5,"",persian,persian,"smilingimp,none",4,5
285,persian/vid_83.mp4,,"anger,hatred",male,5,"",persian,persian,hatred,4,1
286,persian/vid_25.mp4,,annoyed,female,5,"",persian,persian,smilingimp,4,5
287,persian/vid_59.mp4,,"anger,hatred,furious",female,5,"",persian,persian,vomiting,4,6
288,persian/vid_69.mp4,,"disgust,annoyed,hatred",female,5,"",persian,persian,"vomiting,smilingimp",4,5
289,persian/vid_35.mp4,,"anger,contempt",female,5,"",persian,persian,hatred,4,3
290,persian/vid_13.mp4,,"anger,hatred",male,5,"",persian,persian,hatred,4,1
291,persian/vid_7.mp4,,"contempt,hatred",female,5,"",persian,persian,"neutral,rollingeyes",4,3
292,persian/vid_89.mp4,,"anger,hatred",female,5,"",persian,persian,furious,4,3
293,persian/vid_33.mp4,,"anger,hatred",male,4,"",persian,persian,angry,4,1
294,persian/vid_21.mp4,,contempt,male,5,"",persian,persian,smirk,4,1
295,persian/vid_81.mp4,,"disgust,hatred,furious",male,5,"",persian,persian,"furious,triumph",4,5
296,persian/vid_5.mp4,,contempt,male,4,"",persian,persian,smirk,4,1
297,persian/vid_91.mp4,,"anger,contempt,hatred",male,5,"",persian,persian,furious,4,3
298,persian/vid_67.mp4,,"anger,hatred",male,5,"",persian,persian,furious,4,3
299,persian/vid_53.mp4,,"anger,contempt,disgust,hatred",female,5,"",persian,persian,"smirk,furious,triumph",4,5
300,persian/vid_93.mp4,,"anger,contempt,disgust,hatred",female,5,"",persian,persian,"unamused,furious,smilingimp,triumph",4,4
301,persian/vid_3.mp4,,"anger,contempt,hatred",male,5,"",persian,persian,"furious,triumph",4,1
302,persian/vid_45.mp4,,annoyed,male,4,"",persian,persian,neutral,4,1
303,persian/vid_63.mp4,,"contempt,hatred,furious",female,5,"",persian,persian,"furious,triumph",4,5
304,persian/vid_57.mp4,,annoyed,male,5,"",persian,persian,weary,4,5
305,persian/vid_73.mp4,,"anger,disgust,annoyed,hatred",female,5,"",persian,persian,"furious,weary",4,6
306,persian/vid_15.mp4,,"anger,disgust,hatred",male,5,"",persian,persian,"hatred,smilingimp,triumph",4,4
307,persian/vid_1.mp4,,"disgust,annoyed",male,4,"",persian,persian,"unamused,rollingeyes",4,3
308,persian/vid_85.mp4,,"anger,contempt,hatred",male,4,"",persian,persian,"smirk,triumph",4,2
309,persian/vid_19.mp4,,"disgust,annoyed",male,4,"",persian,persian,unamused,4,2
310,persian/vid_77.mp4,,"hatred,furious",male,5,"",persian,persian,"furious,triumph",4,6
311,persian/vid_29.mp4,,"disgust,annoyed",female,5,"",persian,persian,weary,4,4
312,persian/vid_9.mp4,,annoyed,male,4,"",persian,persian,weary,4,3
313,persian/vid_41.mp4,,disgust,male,5,"",persian,persian,expressionless,4,3
314,persian/vid_51.mp4,,"disgust,annoyed,hatred",female,5,"",persian,persian,"unamused,weary,triumph",4,3
315,persian/vid_11.mp4,,"contempt,disgust,annoyed",male,4,"",persian,persian,"smirk,expressionless",4,3
316,persian/vid_37.mp4,,"anger,disgust",female,5,"",persian,persian,"expressionless,triumph",4,4
317,persian/vid_31.mp4,,"contempt,disgust",male,4,"",persian,persian,smirk,4,3
318,persian/vid_71.mp4,,"contempt,hatred,furious",male,5,"",persian,persian,"furious,triumph",4,4
319,persian/vid_55.mp4,,"disgust,annoyed",male,5,"",persian,persian,weary,4,6
320,persian/vid_95.mp4,,"contempt,hatred",male,4,"",persian,persian,"unamused,rollingeyes",4,3
321,persian/vid_75.mp4,,"hatred,furious",male,5,"",persian,persian,"furious,triumph",4,6
322,persian/vid_27.mp4,,annoyed,male,5,"",persian,persian,weary,4,4
323,persian/vid_23.mp4,,"contempt,hatred",female,5,"",persian,persian,"smirk,smilingimp",4,3
324,persian/vid_17.mp4,,contempt,male,4,"",persian,persian,smilingimp,4,3
325,persian/vid_79.mp4,,"disgust,hatred,furious",female,5,"",persian,persian,"expressionless,furious,triumph",4,5
326,persian/vid_43.mp4,,"contempt,hatred",female,4,"",persian,persian,"unamused,triumph",4,3
327,persian/vid_65.mp4,,"anger,hatred",female,4,"",persian,persian,"unamused,angry,triumph",4,3
328,persian/vid_49.mp4,,"anger,disgust,annoyed,hatred",male,5,"",persian,persian,"furious,nauseated,triumph",4,6
329,persian/vid_20.mp4,,contempt,male,2,"",persian,persian,"unamused,rollingeyes",3,1
330,persian/vid_80.mp4,,annoyed,male,3,"",persian,persian,"angry,triumph",3,3
331,persian/vid_10.mp4,,contempt,male,3,"",persian,persian,none,3,2
332,persian/vid_40.mp4,,furious,male,4,Sadness and anger,persian,persian,"angry,hatred,weary,triumph",3,4
333,persian/vid_48.mp4,,none,male,3,"",persian,persian,none,3,0
334,persian/vid_48.mp4,,none,male,3,"",persian,persian,none,3,0
335,persian/vid_4.mp4,,contempt,male,3,"",persian,persian,none,3,3
336,persian/vid_4.mp4,,contempt,male,3,"",persian,persian,none,3,3
337,persian/vid_24.mp4,,contempt,female,3,"I know it looks like the emoji, but the vibe is tottaly different",persian,persian,smirk,3,2
338,persian/vid_24.mp4,,contempt,female,3,"I know it looks like the emoji, but the vibe is tottaly different",persian,persian,smirk,3,2
339,persian/vid_24.mp4,,contempt,female,3,"I know it looks like the emoji, but the vibe is tottaly different",persian,persian,smirk,3,2
340,persian/vid_24.mp4,,contempt,female,3,"I know it looks like the emoji, but the vibe is tottaly different",persian,persian,smirk,3,2
341,persian/vid_60.mp4,,furious,female,4,"",persian,persian,"hatred,triumph",3,4
342,persian/vid_60.mp4,,furious,female,4,"",persian,persian,"hatred,triumph",3,4
343,persian/vid_52.mp4,,contempt,male,3,"",persian,persian,unamused,3,3
344,persian/vid_66.mp4,,annoyed,male,3,"",persian,persian,"rollingeyes,angry",3,1
345,persian/vid_68.mp4,,furious,male,3,"",persian,persian,"furious,triumph",3,3
346,persian/vid_68.mp4,,furious,male,3,"",persian,persian,"furious,triumph",3,3
347,persian/vid_68.mp4,,furious,male,3,"",persian,persian,"furious,triumph",3,3
348,persian/vid_50.mp4,,annoyed,female,2,"",persian,persian,"angry,weary",3,1
349,persian/vid_32.mp4,,none,male,2,"",persian,persian,none,3,1
350,persian/vid_32.mp4,,none,male,2,"",persian,persian,none,3,1
351,persian/vid_32.mp4,,none,male,2,"",persian,persian,none,3,1
352,persian/vid_32.mp4,,none,male,2,"",persian,persian,none,3,1
353,persian/vid_32.mp4,,none,male,2,"",persian,persian,none,3,1
354,persian/vid_32.mp4,,none,male,2,"",persian,persian,none,3,1
355,persian/vid_32.mp4,,none,male,2,"",persian,persian,none,3,1
356,persian/vid_32.mp4,,none,male,2,"",persian,persian,none,3,1
357,persian/vid_32.mp4,,none,male,2,"",persian,persian,none,3,1
358,persian/vid_46.mp4,,anger,male,3,"",persian,persian,"angry,triumph",3,0
359,persian/vid_46.mp4,,anger,male,3,"",persian,persian,"angry,triumph",3,0
360,persian/vid_22.mp4,,contempt,female,4,"",persian,persian,"smirk,unamused",3,2
361,persian/vid_22.mp4,,contempt,female,4,"",persian,persian,"smirk,unamused",3,2
362,persian/vid_22.mp4,,contempt,female,4,"",persian,persian,"smirk,unamused",3,2
363,persian/vid_22.mp4,,contempt,female,4,"",persian,persian,"smirk,unamused",3,2
364,persian/vid_22.mp4,,contempt,female,4,"",persian,persian,"smirk,unamused",3,2
365,persian/vid_22.mp4,,contempt,female,4,"",persian,persian,"smirk,unamused",3,2
366,persian/vid_22.mp4,,contempt,female,4,"",persian,persian,"smirk,unamused",3,2
367,persian/vid_22.mp4,,contempt,female,4,"",persian,persian,"smirk,unamused",3,2
368,persian/vid_22.mp4,,contempt,female,4,"",persian,persian,"smirk,unamused",3,2
369,persian/vid_22.mp4,,contempt,female,4,"",persian,persian,"smirk,unamused",3,2
370,persian/vid_22.mp4,,contempt,female,4,"",persian,persian,"smirk,unamused",3,2
371,persian/vid_22.mp4,,contempt,female,4,"",persian,persian,"smirk,unamused",3,2
372,persian/vid_22.mp4,,contempt,female,4,"",persian,persian,"smirk,unamused",3,2
373,persian/vid_22.mp4,,contempt,female,4,"",persian,persian,"smirk,unamused",3,2
374,persian/vid_22.mp4,,contempt,female,4,"",persian,persian,"smirk,unamused",3,2
375,persian/vid_90.mp4,,none,male,1,"",persian,persian,none,3,0
376,persian/vid_86.mp4,,none,male,1,"",persian,persian,none,3,0
377,persian/vid_86.mp4,,none,male,1,"",persian,persian,none,3,0
378,persian/vid_88.mp4,,none,male,1,"",persian,persian,none,3,0
379,na/vid_75.mp4,,annoyed,female,4,"",north american,english,unamused,3,2
380,na/vid_31.mp4,,none,male,4,"",north american,english,neutral,3,0
381,na/vid_63.mp4,,anger,female,4,"",north american,english,angry,3,1
382,na/vid_35.mp4,,contempt,male,4,"",north american,english,expressionless,3,1
383,na/vid_59.mp4,,annoyed,female,4,"",north american,english,unamused,3,1
384,na/vid_33.mp4,,none,male,4,"",north american,english,skeptical,3,1
385,na/vid_73.mp4,,furious,male,4,"",north american,english,furious,3,4
386,na/vid_3.mp4,,annoyed,female,4,"",north american,english,expressionless,3,1
387,na/vid_23.mp4,,none,male,4,"",north american,english,neutral,3,1
388,na/vid_9.mp4,,annoyed,female,4,"",north american,english,expressionless,3,1
389,na/vid_69.mp4,,hatred,male,4,"",north american,english,angry,3,2
390,na/vid_81.mp4,,furious,male,4,"",north american,english,furious,3,4
391,na/vid_77.mp4,,furious,female,4,"",north american,english,furious,3,3
392,na/vid_47.mp4,,disgust,male,4,"",north american,english,weary,3,2
393,na/vid_51.mp4,,disgust,female,4,"",north american,english,nauseated,3,4
394,na/vid_37.mp4,,none,male,4,"",north american,english,neutral,3,0
395,na/vid_39.mp4,,annoyed,female,4,"",north american,english,unamused,3,1
396,na/vid_13.mp4,,annoyed,female,4,"",north american,english,expressionless,3,1
397,na/vid_83.mp4,,annoyed,female,4,"",north american,english,unamused,3,1
398,na/vid_45.mp4,,disgust,male,4,"",north american,english,nauseated,3,1
399,na/vid_61.mp4,,annoyed,female,4,"",north american,english,expressionless,3,1
400,na/vid_21.mp4,,none,male,4,"",north american,english,neutral,3,0
401,na/vid_27.mp4,,none,male,4,"",north american,english,smirk,3,1
402,na/vid_5.mp4,,none,male,4,"",north american,english,neutral,3,1
403,na/vid_29.mp4,,contempt,male,4,"",north american,english,unamused,3,1
404,na/vid_71.mp4,,furious,female,4,"",north american,english,furious,3,4
405,na/vid_89.mp4,,annoyed,female,4,"",north american,english,unamused,3,1
406,na/vid_41.mp4,,disgust,male,4,"",north american,english,unamused,3,1
407,na/vid_1.mp4,,none,female,4,"",north american,english,neutral,3,1
408,na/vid_79.mp4,,furious,male,4,"",north american,english,furious,3,3
409,na/vid_53.mp4,,disgust,male,4,"",north american,english,vomiting,3,4
410,na/vid_57.mp4,,disgust,female,4,"",north american,english,vomiting,3,5
411,na/vid_55.mp4,,annoyed,female,4,"",north american,english,angry,3,3
412,na/vid_65.mp4,,annoyed,female,4,"",north american,english,unamused,3,2
413,na/vid_85.mp4,,anger,female,4,"",north american,english,hatred,3,3
414,na/vid_87.mp4,,anger,male,4,"",north american,english,angry,3,3
415,na/vid_7.mp4,,annoyed,male,4,"",north american,english,expressionless,3,1
416,na/vid_49.mp4,,disgust,male,4,"",north american,english,weary,3,2
417,na/vid_17.mp4,,annoyed,female,4,"",north american,english,unamused,3,1
418,na/vid_15.mp4,,annoyed,female,4,"",north american,english,expressionless,3,1
419,na/vid_19.mp4,,none,male,4,"",north american,english,smirk,3,1
420,na/vid_25.mp4,,none,male,4,"",north american,english,neutral,3,0
421,na/vid_11.mp4,,annoyed,female,4,"",north american,english,expressionless,3,1
422,na/vid_67.mp4,,furious,male,4,"",north american,english,furious,3,6
423,na/vid_43.mp4,,disgust,male,4,"",north american,english,nauseated,3,0
424,na/vid_52.mp4,,disgust,female,4,"",north american,english,weary,4,2
425,na/vid_54.mp4,,disgust,male,4,"",north american,english,nauseated,4,3
426,na/vid_26.mp4,,none,male,4,"",north american,english,neutral,4,2
427,na/vid_84.mp4,,annoyed,female,4,"",north american,english,unamused,4,2
428,na/vid_18.mp4,,contempt,female,4,"",north american,english,unamused,4,2
429,na/vid_82.mp4,,furious,female,4,"",north american,english,angry,4,3
430,na/vid_20.mp4,,contempt,female,4,"",north american,english,expressionless,4,0
431,na/vid_70.mp4,,anger,female,4,"",north american,english,hatred,4,3
432,na/vid_2.mp4,,annoyed,male,4,"",north american,english,expressionless,4,1
433,na/vid_88.mp4,,annoyed,female,4,"",north american,english,unamused,4,0
434,na/vid_66.mp4,,furious,male,4,"",north american,english,furious,4,6
435,na/vid_78.mp4,,anger,male,4,"",north american,english,angry,4,3
436,na/vid_64.mp4,,anger,female,4,"",north american,english,angry,4,1
437,na/vid_4.mp4,,annoyed,male,4,"",north american,english,expressionless,4,1
438,na/vid_48.mp4,,disgust,male,4,"",north american,english,nauseated,4,4
439,na/vid_8.mp4,,disgust,male,4,"",north american,english,neutral,4,1
440,na/vid_56.mp4,,annoyed,female,4,"",north american,english,expressionless,4,1
441,na/vid_44.mp4,,disgust,male,4,"",north american,english,nauseated,4,2
442,na/vid_12.mp4,,annoyed,female,4,"",north american,english,expressionless,4,1
443,na/vid_10.mp4,,annoyed,female,4,"",north american,english,expressionless,4,1
444,na/vid_72.mp4,,furious,female,4,"",north american,english,hatred,4,4
445,na/vid_14.mp4,,contempt,female,4,"",north american,english,unamused,4,1
446,na/vid_32.mp4,,contempt,male,4,"",north american,english,expressionless,4,0
447,na/vid_58.mp4,,disgust,female,4,"",north american,english,nauseated,4,3
448,na/vid_42.mp4,,disgust,male,4,"",north american,english,weary,4,1
449,na/vid_46.mp4,,disgust,male,4,"",north american,english,nauseated,4,1
450,na/vid_34.mp4,,none,male,4,"",north american,english,skeptical,4,1
451,na/vid_16.mp4,,none,female,4,"",north american,english,neutral,4,0
452,na/vid_80.mp4,,furious,male,4,"",north american,english,hatred,4,4
453,na/vid_40.mp4,,disgust,male,4,"",north american,english,skeptical,4,1
454,na/vid_24.mp4,,none,male,4,"",north american,english,skeptical,4,1
455,na/vid_38.mp4,,anger,female,4,"",north american,english,angry,4,2
456,na/vid_36.mp4,,none,female,4,"",north american,english,skeptical,4,1
457,na/vid_68.mp4,,anger,female,4,"",north american,english,angry,4,2
458,na/vid_6.mp4,,annoyed,male,4,"",north american,english,unamused,4,3
459,na/vid_28.mp4,,contempt,female,4,"",north american,english,unamused,4,0
460,na/vid_86.mp4,,furious,female,4,"",north american,english,furious,4,3
461,na/vid_22.mp4,,annoyed,male,4,"",north american,english,expressionless,4,2
462,na/vid_50.mp4,,disgust,male,4,"",north american,english,nauseated,4,2
463,na/vid_30.mp4,,anger,male,4,"",north american,english,angry,4,1
464,na/vid_74.mp4,,furious,male,4,"",north american,english,furious,4,6
465,na/vid_76.mp4,,furious,female,4,"",north american,english,hatred,4,4
466,na/vid_60.mp4,,disgust,female,4,"",north american,english,vomiting,4,1
467,na/vid_62.mp4,,annoyed,female,4,"",north american,english,expressionless,4,2
468,na/vid_89.mp4,,annoyed,female,4,"",north american,english,weary,2,4
469,na/vid_81.mp4,,anger,male,5,"",north american,english,hatred,2,6
470,na/vid_9.mp4,,annoyed,female,5,"",north american,english,rollingeyes,2,4
471,na/vid_7.mp4,,contempt,male,4,"",north american,english,skeptical,2,3
472,na/vid_79.mp4,,anger,male,4,"",north american,english,hatred,2,4
473,na/vid_17.mp4,,contempt,female,4,"",north american,english,rollingeyes,2,3
474,na/vid_11.mp4,,contempt,female,5,"",north american,english,rollingeyes,2,3
475,na/vid_5.mp4,,contempt,female,5,"",north american,english,smirk,2,2
476,na/vid_53.mp4,,disgust,male,5,"",north american,english,nauseated,2,5
477,na/vid_57.mp4,,disgust,female,4,"",north american,english,nauseated,2,3
478,na/vid_19.mp4,,contempt,male,4,"",north american,english,"smirk,unamused",2,3
479,na/vid_67.mp4,,"anger,furious",male,5,"",north american,english,furious,2,6
480,na/vid_15.mp4,,contempt,female,4,"",north american,english,"smirk,unamused,rollingeyes",2,3
481,na/vid_21.mp4,,"contempt,annoyed",male,5,"",north american,english,rollingeyes,2,2
482,na/vid_37.mp4,,annoyed,male,4,"",north american,english,rollingeyes,2,1
483,na/vid_43.mp4,,"contempt,annoyed",male,4,"",north american,english,"unamused,angry",2,2
484,na/vid_49.mp4,,disgust,male,4,"",north american,english,nauseated,2,3
485,na/vid_51.mp4,,disgust,female,4,"",north american,english,"vomiting,nauseated,triumph",2,5
486,na/vid_85.mp4,,"anger,annoyed",female,5,"",north american,english,"angry,hatred",2,4
487,na/vid_55.mp4,,"contempt,disgust,annoyed",female,4,"",north american,english,"unamused,rollingeyes,angry,triumph",2,4
488,na/vid_77.mp4,,anger,female,4,"",north american,english,"angry,hatred,furious,weary",2,4
489,na/vid_35.mp4,,contempt,male,4,"",north american,english,"skeptical,smirk,unamused,rollingeyes",2,3
490,na/vid_69.mp4,,none,male,4,Cringe ,north american,english,"rollingeyes,angry,weary",2,3
491,na/vid_41.mp4,,contempt,female,4,"",north american,english,"rollingeyes,weary",2,2
492,na/vid_73.mp4,,"anger,hatred,furious",male,5,"",north american,english,"hatred,furious",2,6
493,na/vid_25.mp4,,contempt,male,5,"",north american,english,"smirk,rollingeyes",2,2
494,na/vid_83.mp4,,"anger,contempt",female,4,"",north american,english,"rollingeyes,angry,hatred",2,4
495,na/vid_33.mp4,,contempt,male,4,"",north american,english,"skeptical,smirk,rollingeyes",2,3
496,na/vid_63.mp4,,"anger,contempt",female,4,"",north american,english,"rollingeyes,angry",2,1
497,na/vid_45.mp4,,disgust,male,4,"",north american,english,"nauseated,weary",2,3
498,na/vid_1.mp4,,contempt,female,4,"",north american,english,"smirk,unamused,rollingeyes",2,2
499,na/vid_31.mp4,,contempt,male,5,"",north american,english,"skeptical,smirk,neutral,expressionless",2,2
500,na/vid_39.mp4,,contempt,female,5,"",north american,english,"unamused,rollingeyes,angry",2,4
501,na/vid_3.mp4,,annoyed,female,4,"",north american,english,expressionless,2,3
502,na/vid_65.mp4,,anger,female,5,"",north american,english,"hatred,furious",2,5
503,na/vid_47.mp4,,disgust,male,5,"",north american,english,"nauseated,weary",2,4
504,na/vid_71.mp4,,"hatred,furious",female,5,"",north american,english,"hatred,furious,triumph",2,6
505,na/vid_61.mp4,,contempt,female,4,"",north american,english,"unamused,rollingeyes,angry",2,3
506,na/vid_75.mp4,,annoyed,female,5,"",north american,english,"rollingeyes,angry,hatred",2,4
507,na/vid_13.mp4,,annoyed,female,5,"",north american,english,"expressionless,unamused,rollingeyes",2,4
508,na/vid_23.mp4,,contempt,male,5,"",north american,english,"expressionless,unamused,rollingeyes",2,3
509,na/vid_29.mp4,,annoyed,male,5,"",north american,english,"neutral,expressionless",2,2
510,na/vid_59.mp4,,disgust,female,4,"",north american,english,"angry,nauseated,weary",2,2
511,na/vid_87.mp4,,"anger,hatred",male,5,"",north american,english,"rollingeyes,angry,hatred,furious",2,3
512,na/vid_27.mp4,,contempt,male,5,"",north american,english,"skeptical,smirk,unamused,rollingeyes",2,2
513,persian/vid_10.mp4,,none,male,3,"",persian,persian,neutral,3,0
514,persian/vid_58.mp4,,none,female,2,"",persian,persian,skeptical,3,1
515,persian/vid_24.mp4,,anger,female,2,"",persian,persian,unamused,3,1
516,persian/vid_62.mp4,,anger,female,4,"",persian,persian,angry,3,1
517,persian/vid_4.mp4,,anger,female,3,"",persian,persian,angry,3,2
518,persian/vid_88.mp4,,none,female,3,"",persian,persian,skeptical,3,0
519,persian/vid_50.mp4,,contempt,female,4,"",persian,persian,unamused,3,1
520,persian/vid_90.mp4,,contempt,female,4,"",persian,persian,smirk,3,0
521,persian/vid_38.mp4,,contempt,female,4,"",persian,persian,unamused,3,1
522,persian/vid_96.mp4,,contempt,male,2,"",persian,persian,unamused,3,0
523,persian/vid_94.mp4,,none,male,4,"",persian,persian,neutral,3,0
524,persian/vid_78.mp4,,furious,male,4,"",persian,persian,angry,3,2
525,persian/vid_60.mp4,,anger,female,2,"",persian,persian,angry,3,1
526,persian/vid_92.mp4,,disgust,male,4,"",persian,persian,unamused,3,1
527,persian/vid_46.mp4,,annoyed,male,2,"",persian,persian,expressionless,3,1
528,persian/vid_36.mp4,,anger,female,4,"",persian,persian,angry,3,1
529,persian/vid_34.mp4,,contempt,male,4,"",persian,persian,unamused,3,2
530,persian/vid_54.mp4,,none,male,2,"",persian,persian,expressionless,3,0
531,persian/vid_68.mp4,,anger,male,4,"",persian,persian,angry,3,2
532,persian/vid_40.mp4,,anger,male,3,"",persian,persian,angry,3,1
533,persian/vid_22.mp4,,annoyed,female,4,"",persian,persian,unamused,3,1
534,persian/vid_26.mp4,,contempt,female,4,"",persian,persian,expressionless,3,1
535,persian/vid_30.mp4,,annoyed,female,3,"",persian,persian,unamused,3,0
536,persian/vid_44.mp4,,anger,female,2,"",persian,persian,angry,3,0
537,persian/vid_86.mp4,,none,female,4,"",persian,persian,none,3,1
538,persian/vid_2.mp4,,annoyed,male,4,"",persian,persian,unamused,3,1
539,persian/vid_56.mp4,,contempt,male,4,"",persian,persian,expressionless,3,1
540,persian/vid_72.mp4,,annoyed,male,3,"",persian,persian,unamused,3,2
541,persian/vid_14.mp4,,none,female,3,"",persian,persian,neutral,3,0
542,persian/vid_66.mp4,,annoyed,male,4,"",persian,persian,unamused,3,1
543,persian/vid_8.mp4,,anger,female,4,"",persian,persian,angry,3,1
544,persian/vid_18.mp4,,disgust,female,3,"",persian,persian,unamused,3,1
545,persian/vid_32.mp4,,none,male,4,"",persian,persian,skeptical,3,0
546,persian/vid_20.mp4,,none,male,4,"",persian,persian,smirk,3,1
547,persian/vid_42.mp4,,anger,female,4,"",persian,persian,angry,3,2
548,persian/vid_12.mp4,,none,male,3,"",persian,persian,smirk,3,0
549,persian/vid_80.mp4,,furious,male,3,"",persian,persian,angry,3,1
550,persian/vid_16.mp4,,none,male,4,"",persian,persian,smirk,3,1
551,persian/vid_82.mp4,,annoyed,male,4,"",persian,persian,expressionless,3,1
552,persian/vid_76.mp4,,anger,male,3,"",persian,persian,angry,3,2
553,persian/vid_84.mp4,,anger,male,3,"",persian,persian,unamused,3,3
554,persian/vid_64.mp4,,annoyed,male,4,"",persian,persian,weary,3,1
555,persian/vid_28.mp4,,none,female,4,"",persian,persian,smirk,3,3
556,persian/vid_6.mp4,,annoyed,male,2,"",persian,persian,unamused,3,1
557,persian/vid_48.mp4,,none,male,2,"",persian,persian,neutral,3,0
558,persian/vid_74.mp4,,furious,male,3,"",persian,persian,angry,3,1
559,persian/vid_70.mp4,,anger,male,4,"",persian,persian,angry,3,1
560,persian/vid_52.mp4,,disgust,male,4,"",persian,persian,unamused,3,2
561,na/vid_60.mp4,,disgust,female,5,"",north american,english,nauseated,2,4
562,na/vid_58.mp4,,disgust,female,4,"",north american,english,nauseated,2,2
563,na/vid_44.mp4,,none,male,3,"",north american,english,none,2,0
564,na/vid_40.mp4,,none,male,3,Cringing,north american,english,none,2,1
565,na/vid_20.mp4,,contempt,female,3,"",north american,english,rollingeyes,2,2
566,na/vid_24.mp4,,none,male,3,laughing/enjoyment,north american,english,none,2,1
567,na/vid_26.mp4,,contempt,male,3,"",north american,english,neutral,2,3
568,na/vid_46.mp4,,disgust,male,3,"",north american,english,nauseated,2,2
569,na/vid_56.mp4,,disgust,female,3,"",north american,english,none,2,2
570,na/vid_62.mp4,,annoyed,female,4,"",north american,english,expressionless,2,1
571,na/vid_38.mp4,,annoyed,female,5,"",north american,english,"rollingeyes,angry",2,4
572,na/vid_18.mp4,,none,female,2,"",north american,english,none,2,2
573,na/vid_86.mp4,,anger,female,4,"",north american,english,furious,2,6
574,na/vid_28.mp4,,contempt,female,5,"",north american,english,neutral,2,1
575,na/vid_6.mp4,,none,male,3,"",north american,english,none,2,1
576,na/vid_2.mp4,,contempt,male,2,"",north american,english,neutral,2,1
577,na/vid_64.mp4,,annoyed,female,4,"",north american,english,angry,2,3
578,na/vid_14.mp4,,contempt,female,3,"",north american,english,rollingeyes,2,2
579,na/vid_76.mp4,,furious,female,4,"",north american,english,"furious,triumph",2,6
580,na/vid_34.mp4,,none,male,3,"",north american,english,none,2,0
581,na/vid_52.mp4,,disgust,female,4,"",north american,english,weary,2,2
582,na/vid_72.mp4,,furious,female,4,"",north american,english,"furious,triumph",2,6
583,na/vid_54.mp4,,disgust,male,3,"",north american,english,"vomiting,nauseated",2,4
584,na/vid_50.mp4,,disgust,male,3,"",north american,english,nauseated,2,2
585,na/vid_78.mp4,,anger,male,3,"",north american,english,"hatred,furious",2,4
586,na/vid_80.mp4,,anger,male,4,"",north american,english,"hatred,furious",2,0
587,na/vid_74.mp4,,none,male,4,Sad/hurt,north american,english,none,2,5
588,na/vid_70.mp4,,anger,female,4,"",north american,english,angry,2,2
589,na/vid_10.mp4,,none,female,2,"",north american,english,none,2,0
590,na/vid_36.mp4,,none,female,2,"",north american,english,none,2,0
591,na/vid_4.mp4,,contempt,male,4,"",north american,english,skeptical,2,2
592,na/vid_68.mp4,,annoyed,female,3,"",north american,english,"expressionless,angry",2,2
593,na/vid_12.mp4,,none,female,3,"",north american,english,none,2,1
594,na/vid_42.mp4,,disgust,male,4,"",north american,english,nauseated,2,2
595,na/vid_48.mp4,,disgust,male,3,"",north american,english,nauseated,2,2
596,na/vid_32.mp4,,contempt,male,3,"",north american,english,"skeptical,expressionless",2,1
597,na/vid_22.mp4,,none,male,3,"",north american,english,rollingeyes,2,1
598,na/vid_82.mp4,,anger,female,4,"",north american,english,hatred,2,3
599,na/vid_16.mp4,,none,female,2,"",north american,english,none,2,0
600,na/vid_30.mp4,,none,male,3,"",north american,english,none,2,1
601,na/vid_8.mp4,,contempt,male,3,"",north american,english,"skeptical,expressionless",2,1
602,na/vid_66.mp4,,furious,male,4,"",north american,english,furious,2,6
603,na/vid_84.mp4,,"contempt,annoyed",female,4,"",north american,english,"rollingeyes,angry,hatred",2,3
604,na/vid_88.mp4,,none,female,2,"",north american,english,none,2,1
605,persian/vid_17.mp4,,none,male,4,"",persian,persian,smirk,2,0
606,persian/vid_47.mp4,,contempt,male,4,"",persian,persian,unamused,2,2
607,persian/vid_19.mp4,,none,male,2,"",persian,persian,neutral,2,0
608,persian/vid_25.mp4,,annoyed,female,4,"",persian,persian,unamused,2,2
609,persian/vid_37.mp4,,furious,female,4,"",persian,persian,triumph,2,1
610,persian/vid_31.mp4,,annoyed,male,2,"",persian,persian,expressionless,2,1
611,persian/vid_21.mp4,,none,male,3,"",persian,persian,smirk,2,1
612,persian/vid_69.mp4,,anger,female,4,"",persian,persian,angry,2,1
613,persian/vid_91.mp4,,annoyed,male,2,"",persian,persian,unamused,2,1
614,persian/vid_27.mp4,,disgust,male,4,"",persian,persian,unamused,2,2
615,persian/vid_57.mp4,,disgust,male,2,"",persian,persian,unamused,2,1
616,persian/vid_89.mp4,,furious,female,4,"",persian,persian,angry,2,2
617,persian/vid_1.mp4,,annoyed,male,3,"",persian,persian,rollingeyes,2,1
618,persian/vid_53.mp4,,furious,female,3,"",persian,persian,angry,2,1
619,persian/vid_67.mp4,,anger,male,3,"",persian,persian,angry,2,1
620,persian/vid_93.mp4,,hatred,female,4,"",persian,persian,angry,2,2
621,persian/vid_49.mp4,,contempt,male,3,"",persian,persian,expressionless,2,1
622,persian/vid_9.mp4,,none,male,2,"",persian,persian,skeptical,2,1
623,persian/vid_7.mp4,,disgust,female,4,"",persian,persian,unamused,2,3
624,persian/vid_35.mp4,,anger,female,2,"",persian,persian,angry,2,2
625,persian/vid_41.mp4,,contempt,male,2,"",persian,persian,unamused,2,0
626,persian/vid_13.mp4,,anger,male,3,"",persian,persian,angry,2,0
627,persian/vid_81.mp4,,furious,male,4,"",persian,persian,hatred,2,5
628,persian/vid_75.mp4,,anger,male,3,"",persian,persian,angry,2,2
629,persian/vid_85.mp4,,annoyed,male,4,"",persian,persian,angry,2,1
630,persian/vid_29.mp4,,none,female,3,"",persian,persian,smirk,2,3
631,persian/vid_59.mp4,,furious,female,4,"",persian,persian,hatred,2,5
632,persian/vid_63.mp4,,furious,female,4,"",persian,persian,hatred,2,4
633,persian/vid_65.mp4,,contempt,female,4,"",persian,persian,unamused,2,2
634,persian/vid_77.mp4,,furious,male,3,"",persian,persian,hatred,2,4
635,persian/vid_73.mp4,,anger,female,2,"",persian,persian,angry,2,2
636,persian/vid_11.mp4,,contempt,male,2,"",persian,persian,rollingeyes,2,2
637,persian/vid_3.mp4,,anger,male,4,"",persian,persian,triumph,2,3
638,persian/vid_33.mp4,,disgust,male,3,"",persian,persian,unamused,2,2
639,persian/vid_79.mp4,,furious,female,4,"",persian,persian,furious,2,3
640,persian/vid_51.mp4,,anger,female,4,"",persian,persian,angry,2,1
641,persian/vid_95.mp4,,annoyed,male,4,"",persian,persian,unamused,2,2
642,persian/vid_83.mp4,,contempt,male,2,"",persian,persian,angry,2,0
643,persian/vid_61.mp4,,anger,female,4,"",persian,persian,angry,2,1
644,persian/vid_55.mp4,,none,male,2,"",persian,persian,expressionless,2,0
645,persian/vid_45.mp4,,none,male,3,"",persian,persian,neutral,2,0
646,persian/vid_71.mp4,,anger,male,4,"",persian,persian,unamused,2,1
647,persian/vid_43.mp4,,disgust,female,2,"",persian,persian,unamused,2,1
648,persian/vid_15.mp4,,hatred,male,3,"",persian,persian,unamused,2,0
649,persian/vid_97.mp4,,none,male,4,"",persian,persian,smirk,2,1
650,persian/vid_5.mp4,,none,male,3,"",persian,persian,smirk,2,1
651,persian/vid_23.mp4,,none,female,3,"",persian,persian,smirk,2,2
652,na/vid_75.mp4,,annoyed,female,4,"",north american,english,unamused,3,4
653,na/vid_11.mp4,,annoyed,female,3,"",north american,english,rollingeyes,3,3
654,na/vid_69.mp4,,anger,male,4,"",north american,english,angry,3,2
655,na/vid_41.mp4,,annoyed,male,3,"",north american,english,unamused,3,3
656,na/vid_61.mp4,,contempt,female,2,"",north american,english,expressionless,3,1
657,na/vid_31.mp4,,annoyed,male,3,"",north american,english,expressionless,3,1
658,na/vid_81.mp4,,furious,male,4,"",north american,english,hatred,3,5
659,na/vid_3.mp4,,none,female,3,"",north american,english,none,3,1
660,na/vid_89.mp4,,disgust,female,2,"",north american,english,unamused,3,3
661,na/vid_35.mp4,,disgust,male,3,"",north american,english,expressionless,3,1
662,na/vid_77.mp4,,furious,female,4,"",north american,english,furious,3,4
663,na/vid_53.mp4,,disgust,male,4,"",north american,english,vomiting,3,2
664,na/vid_87.mp4,,furious,male,3,"",north american,english,hatred,3,3
665,na/vid_15.mp4,,contempt,female,2,"",north american,english,unamused,3,3
666,na/vid_43.mp4,,disgust,male,3,"",north american,english,unamused,3,1
667,na/vid_79.mp4,,furious,male,4,"",north american,english,furious,3,6
668,na/vid_37.mp4,,annoyed,male,4,"",north american,english,expressionless,3,1
669,na/vid_29.mp4,,annoyed,male,3,"",north american,english,neutral,3,1
670,na/vid_71.mp4,,furious,female,4,"",north american,english,hatred,3,3
671,na/vid_73.mp4,,furious,male,4,"",north american,english,furious,3,6
672,na/vid_17.mp4,,annoyed,female,4,"",north american,english,unamused,3,3
673,na/vid_23.mp4,,annoyed,male,3,"",north american,english,skeptical,3,1
674,na/vid_65.mp4,,anger,female,4,"",north american,english,angry,3,2
675,na/vid_13.mp4,,contempt,female,2,"",north american,english,unamused,3,1
676,na/vid_51.mp4,,disgust,female,4,"",north american,english,nauseated,3,4
677,na/vid_39.mp4,,disgust,female,3,"",north american,english,angry,3,1
678,na/vid_25.mp4,,disgust,male,4,"",north american,english,expressionless,3,2
679,na/vid_85.mp4,,furious,female,3,"",north american,english,angry,3,3
680,na/vid_5.mp4,,annoyed,male,3,"",north american,english,expressionless,3,1
681,na/vid_47.mp4,,disgust,male,4,"",north american,english,weary,3,3
682,na/vid_83.mp4,,anger,female,3,"",north american,english,angry,3,1
683,na/vid_49.mp4,,disgust,male,3,"",north american,english,nauseated,3,1
684,na/vid_45.mp4,,disgust,male,4,"",north american,english,nauseated,3,1
685,na/vid_63.mp4,,annoyed,female,3,"",north american,english,angry,3,3
686,na/vid_7.mp4,,annoyed,male,4,"",north american,english,unamused,3,1
687,na/vid_67.mp4,,furious,male,4,"",north american,english,furious,3,6
688,na/vid_27.mp4,,disgust,male,4,"",north american,english,rollingeyes,3,3
689,na/vid_55.mp4,,disgust,female,4,"",north american,english,weary,3,3
690,na/vid_9.mp4,,annoyed,female,4,"",north american,english,unamused,3,3
691,na/vid_1.mp4,,none,female,2,"",north american,english,none,3,0
692,na/vid_33.mp4,,none,male,3,"",north american,english,skeptical,3,1
693,na/vid_59.mp4,,disgust,female,2,"",north american,english,skeptical,3,1
694,na/vid_19.mp4,,annoyed,male,2,"",north american,english,unamused,3,0
695,na/vid_21.mp4,,contempt,male,4,"",north american,english,neutral,3,3
696,na/vid_57.mp4,,disgust,female,4,"",north american,english,vomiting,3,6
697,na/vid_28.mp4,,annoyed,female,4,More like Displeased at something you did ,north american,english,smirk,4,2
698,na/vid_68.mp4,,"anger,annoyed,hatred,furious",female,5,"",north american,english,furious,4,6
699,na/vid_64.mp4,,"annoyed,furious",female,5,"",north american,english,hatred,4,6
700,na/vid_52.mp4,,none,female,2,More like - a sigh of relief ,north american,english,weary,4,2
701,na/vid_58.mp4,,disgust,female,4,"",north american,english,"vomiting,nauseated",4,2
702,na/vid_12.mp4,,none,female,4,Reflective ,north american,english,none,4,0
703,na/vid_42.mp4,,disgust,male,4,"",north american,english,nauseated,4,2
704,na/vid_46.mp4,,disgust,male,4,"",north american,english,nauseated,4,1
705,na/vid_60.mp4,,disgust,female,5,"",north american,english,"vomiting,nauseated",4,4
706,na/vid_72.mp4,,"hatred,furious",female,5,"",north american,english,furious,4,6
707,na/vid_22.mp4,,annoyed,male,4,"",north american,english,rollingeyes,4,1
708,na/vid_34.mp4,,none,male,3,"",north american,english,neutral,4,0
709,na/vid_24.mp4,,annoyed,male,4,"",north american,english,unamused,4,0
710,na/vid_70.mp4,,hatred,female,5,"",north american,english,furious,4,4
711,na/vid_86.mp4,,furious,female,5,"",north american,english,furious,4,1
712,na/vid_76.mp4,,anger,female,5,"",north american,english,furious,4,6
713,na/vid_18.mp4,,none,female,2,"",north american,english,none,4,0
714,na/vid_38.mp4,,annoyed,female,4,"",north american,english,"unamused,rollingeyes",4,1
715,na/vid_82.mp4,,furious,female,4,"",north american,english,"hatred,furious",4,4
716,na/vid_2.mp4,,annoyed,male,2,"",north american,english,"expressionless,unamused",4,1
717,na/vid_14.mp4,,annoyed,female,4,"",north american,english,unamused,4,1
718,na/vid_4.mp4,,"contempt,annoyed",male,4,"",north american,english,unamused,4,1
719,na/vid_40.mp4,,annoyed,female,4,"",north american,english,"unamused,furious",4,2
720,na/vid_54.mp4,,disgust,male,4,"",north american,english,vomiting,4,3
721,na/vid_6.mp4,,annoyed,male,4,"",north american,english,"expressionless,unamused",4,2
722,na/vid_48.mp4,,disgust,male,4,"",north american,english,vomiting,4,2
723,na/vid_10.mp4,,contempt,female,4,"",north american,english,expressionless,4,0
724,na/vid_84.mp4,,annoyed,female,5,"",north american,english,angry,4,3
725,na/vid_8.mp4,,contempt,male,4,"",north american,english,unamused,4,0
726,na/vid_30.mp4,,contempt,male,4,"",north american,english,angry,4,1
727,na/vid_78.mp4,,anger,male,4,"",north american,english,furious,4,5
728,na/vid_74.mp4,,anger,male,5,"",north american,english,furious,4,6
729,na/vid_88.mp4,,disgust,female,4,"",north american,english,unamused,4,1
730,na/vid_20.mp4,,none,female,4,"",north american,english,skeptical,4,0
731,na/vid_16.mp4,,contempt,female,4,"",north american,english,unamused,4,0
732,na/vid_36.mp4,,none,female,4,"",north american,english,neutral,4,0
733,na/vid_32.mp4,,none,male,4,"",north american,english,smirk,4,0
734,na/vid_56.mp4,,annoyed,female,4,"",north american,english,"unamused,rollingeyes",4,1
735,na/vid_50.mp4,,disgust,male,5,"",north american,english,nauseated,4,1
736,na/vid_44.mp4,,disgust,male,4,"",north american,english,nauseated,4,1
737,na/vid_66.mp4,,anger,male,5,"",north american,english,furious,4,6
738,na/vid_26.mp4,,none,male,5,"",north american,english,neutral,4,0
739,na/vid_62.mp4,,contempt,female,5,"",north american,english,unamused,4,1
740,na/vid_80.mp4,,anger,male,4,"",north american,english,furious,4,6
741,persian/vid_52.mp4,,contempt,male,4,"",persian,persian,smirk,4,3
742,persian/vid_78.mp4,,anger,male,5,"",persian,persian,triumph,4,6
743,persian/vid_40.mp4,,annoyed,male,5,"",persian,persian,weary,4,6
744,persian/vid_89.mp4,,"anger,annoyed",female,4,"",persian,persian,"angry,hatred",4,2
745,persian/vid_55.mp4,,"contempt,annoyed",male,4,"",persian,persian,weary,4,3
746,persian/vid_77.mp4,,"anger,hatred",male,4,"",persian,persian,"hatred,triumph",4,4
747,persian/vid_51.mp4,,annoyed,female,4,"",persian,persian,unamused,4,1
748,persian/vid_93.mp4,,"disgust,hatred",female,3,"",persian,persian,"vomiting,weary",4,2
749,persian/vid_57.mp4,,annoyed,male,4,"",persian,persian,"expressionless,unamused",4,1
750,persian/vid_13.mp4,,anger,male,4,"",persian,persian,angry,4,1
751,persian/vid_63.mp4,,anger,female,4,"",persian,persian,hatred,4,2
752,persian/vid_15.mp4,,none,male,3,"",persian,persian,"smirk,rollingeyes",4,1
753,persian/vid_7.mp4,,none,female,3,"",persian,persian,none,4,2
754,persian/vid_91.mp4,,anger,male,4,"",persian,persian,angry,4,1
755,persian/vid_65.mp4,,none,female,3,"",persian,persian,smirk,4,1
756,persian/vid_5.mp4,,none,male,4,"",persian,persian,none,4,1
757,persian/vid_75.mp4,,hatred,male,4,"",persian,persian,"hatred,furious",4,2
758,persian/vid_37.mp4,,"annoyed,hatred",female,4,"",persian,persian,"hatred,weary",4,2
759,persian/vid_31.mp4,,none,male,4,"",persian,persian,none,4,1
760,persian/vid_3.mp4,,anger,male,3,"",persian,persian,angry,4,1
761,persian/vid_85.mp4,,none,male,4,light anger,persian,persian,none,4,0
762,persian/vid_35.mp4,,anger,female,4,"",persian,persian,none,4,1
763,persian/vid_83.mp4,,anger,male,4,light anger,persian,persian,none,4,0
764,persian/vid_11.mp4,,"contempt,annoyed",male,3,"",persian,persian,"unamused,nauseated",4,1
765,persian/vid_53.mp4,,"anger,hatred",female,3,"",persian,persian,"hatred,furious",4,2
766,persian/vid_59.mp4,,furious,female,4,"",persian,persian,"hatred,triumph",4,3
767,persian/vid_71.mp4,,anger,male,4,"",persian,persian,angry,4,1
768,persian/vid_81.mp4,,anger,male,4,"",persian,persian,angry,4,2
769,persian/vid_61.mp4,,none,female,4,"",persian,persian,skeptical,4,2
770,persian/vid_19.mp4,,none,male,3,"",persian,persian,neutral,4,0
771,persian/vid_23.mp4,,none,female,3,"",persian,persian,none,4,1
772,persian/vid_25.mp4,,none,female,3,"",persian,persian,none,4,1
773,persian/vid_49.mp4,,annoyed,male,4,"",persian,persian,"expressionless,unamused",4,2
774,persian/vid_95.mp4,,none,male,3,"",persian,persian,skeptical,4,1
775,persian/vid_9.mp4,,none,male,4,"",persian,persian,none,4,0
776,persian/vid_69.mp4,,"anger,hatred",female,4,"",persian,persian,"angry,furious",4,2
777,persian/vid_79.mp4,,"hatred,furious",female,4,"",persian,persian,"hatred,furious",4,2
778,persian/vid_33.mp4,,none,male,4,"",persian,persian,none,4,0
779,persian/vid_29.mp4,,annoyed,female,3,"",persian,persian,"smirk,unamused",4,1
780,persian/vid_45.mp4,,hatred,male,4,"",persian,persian,furious,4,2
781,persian/vid_97.mp4,,contempt,male,4,"",persian,persian,smirk,4,2
782,persian/vid_73.mp4,,annoyed,female,4,"",persian,persian,unamused,4,2
783,persian/vid_43.mp4,,none,female,3,"",persian,persian,none,4,1
784,persian/vid_47.mp4,,none,male,3,"",persian,persian,none,4,0
785,persian/vid_1.mp4,,none,male,3,"",persian,persian,none,4,0
786,persian/vid_67.mp4,,anger,male,3,"",persian,persian,angry,4,1
787,persian/vid_17.mp4,,"contempt,hatred",male,4,"",persian,persian,"smirk,smilingimp",4,1
788,persian/vid_41.mp4,,"anger,hatred",male,4,"",persian,persian,"hatred,furious",4,1
789,persian/vid_27.mp4,,contempt,male,3,"",persian,persian,"skeptical,smirk",4,1
790,persian/vid_21.mp4,,none,male,4,"",persian,persian,none,4,1
791,persian/vid_28.mp4,,none,female,4,"",persian,persian,none,4,0
792,persian/vid_28.mp4,,none,female,4,"",persian,persian,none,4,0
793,persian/vid_44.mp4,,anger,female,4,"",persian,persian,hatred,4,3
794,persian/vid_16.mp4,,contempt,male,5,"",persian,persian,smirk,4,4
795,persian/vid_38.mp4,,annoyed,female,5,"",persian,persian,unamused,4,3
796,persian/vid_38.mp4,,annoyed,female,5,"",persian,persian,unamused,4,3
797,persian/vid_62.mp4,,anger,female,5,"",persian,persian,hatred,4,4
798,persian/vid_92.mp4,,annoyed,male,5,"",persian,persian,weary,4,6
799,persian/vid_58.mp4,,disgust,female,5,"",persian,persian,vomiting,4,1
800,persian/vid_58.mp4,,disgust,female,5,"",persian,persian,vomiting,4,1
801,persian/vid_10.mp4,,none,male,5,"",persian,persian,neutral,4,2
802,persian/vid_2.mp4,,annoyed,male,5,"",persian,persian,skeptical,4,3
803,persian/vid_2.mp4,,annoyed,male,5,"",persian,persian,skeptical,4,3
804,persian/vid_60.mp4,,furious,female,5,"",persian,persian,triumph,4,4
805,persian/vid_80.mp4,,anger,male,5,"",persian,persian,angry,4,3
806,persian/vid_82.mp4,,anger,male,5,"",persian,persian,angry,4,3
807,persian/vid_6.mp4,,annoyed,male,5,"",persian,persian,unamused,4,5
808,persian/vid_8.mp4,,hatred,female,5,"",persian,persian,nauseated,4,5
809,persian/vid_64.mp4,,none,male,5,"",persian,persian,angry,4,2
810,persian/vid_48.mp4,,contempt,male,5,"",persian,persian,weary,4,6
811,persian/vid_42.mp4,,furious,female,5,"",persian,persian,hatred,4,4
812,persian/vid_30.mp4,,annoyed,female,5,"",persian,persian,expressionless,4,3
813,persian/vid_68.mp4,,furious,male,5,"",persian,persian,furious,4,6
814,persian/vid_72.mp4,,anger,male,5,"",persian,persian,angry,4,2
815,persian/vid_76.mp4,,hatred,male,5,"",persian,persian,nauseated,4,6
816,persian/vid_76.mp4,,hatred,male,5,"",persian,persian,nauseated,4,6
817,persian/vid_70.mp4,,furious,male,5,"",persian,persian,hatred,4,4
818,persian/vid_70.mp4,,furious,male,5,"",persian,persian,hatred,4,4
819,persian/vid_20.mp4,,annoyed,male,5,"",persian,persian,unamused,4,2
820,persian/vid_26.mp4,,hatred,female,5,"",persian,persian,unamused,4,5
821,persian/vid_26.mp4,,hatred,female,5,"",persian,persian,unamused,4,5
822,persian/vid_12.mp4,,annoyed,male,5,"",persian,persian,expressionless,4,3
823,persian/vid_22.mp4,,none,female,5,"",persian,persian,rollingeyes,4,5
824,persian/vid_66.mp4,,none,male,5,"",persian,persian,neutral,4,5
825,persian/vid_24.mp4,,hatred,female,5,"",persian,persian,"nauseated,weary",4,6
826,persian/vid_18.mp4,,disgust,female,5,"",persian,persian,vomiting,4,5
827,persian/vid_46.mp4,,annoyed,male,5,"",persian,persian,weary,4,6
828,persian/vid_56.mp4,,hatred,male,5,"",persian,persian,unamused,4,5
829,persian/vid_74.mp4,,furious,male,5,"",persian,persian,furious,4,5
830,persian/vid_96.mp4,,contempt,male,5,"",persian,persian,smirk,4,6
831,persian/vid_54.mp4,,annoyed,male,5,"",persian,persian,weary,4,6
832,persian/vid_14.mp4,,none,female,5,"",persian,persian,rollingeyes,4,5
833,persian/vid_4.mp4,,anger,female,5,"",persian,persian,angry,4,3
834,persian/vid_50.mp4,,hatred,female,5,"",persian,persian,weary,4,6
835,persian/vid_50.mp4,,hatred,female,5,"",persian,persian,weary,4,6
836,persian/vid_34.mp4,,none,male,5,"",persian,persian,neutral,4,3
837,persian/vid_34.mp4,,none,male,5,"",persian,persian,neutral,4,3
838,persian/vid_84.mp4,,anger,male,5,"",persian,persian,angry,4,3
839,persian/vid_94.mp4,,anger,male,5,"",persian,persian,angry,4,1
840,persian/vid_94.mp4,,anger,male,5,"",persian,persian,angry,4,1
841,persian/vid_94.mp4,,anger,male,5,"",persian,persian,angry,4,1
842,persian/vid_36.mp4,,"anger,disgust",female,5,"",persian,persian,"vomiting,weary",4,3
843,persian/vid_36.mp4,,"anger,disgust",female,5,"",persian,persian,"vomiting,weary",4,3
844,persian/vid_36.mp4,,"anger,disgust",female,5,"",persian,persian,"vomiting,weary",4,3
845,persian/vid_36.mp4,,"anger,disgust",female,5,"",persian,persian,"vomiting,weary",4,3
846,persian/vid_36.mp4,,"anger,disgust",female,5,"",persian,persian,"vomiting,weary",4,3
847,persian/vid_32.mp4,,none,male,4,"",persian,persian,"neutral,rollingeyes",4,1
848,persian/vid_32.mp4,,none,male,4,"",persian,persian,"neutral,rollingeyes",4,1
849,persian/vid_32.mp4,,none,male,4,"",persian,persian,"neutral,rollingeyes",4,1
850,persian/vid_32.mp4,,none,male,4,"",persian,persian,"neutral,rollingeyes",4,1
851,persian/vid_32.mp4,,none,male,4,"",persian,persian,"neutral,rollingeyes",4,1
852,persian/vid_32.mp4,,none,male,4,"",persian,persian,"neutral,rollingeyes",4,1
853,na/vid_5.mp4,,none,male,4,"",north american,english,neutral,2,0
854,na/vid_75.mp4,,disgust,female,4,"",north american,english,rollingeyes,2,1
855,na/vid_67.mp4,,anger,male,5,"",north american,english,furious,2,6
856,na/vid_51.mp4,,disgust,female,5,not in relation to a person but reaction to the flavour/scent/taste of drink,north american,english,vomiting,2,0
857,na/vid_39.mp4,,contempt,female,4,"",north american,english,skeptical,2,2
858,na/vid_79.mp4,,anger,male,5,"",north american,english,furious,2,6
859,na/vid_17.mp4,,annoyed,female,4,"",north american,english,rollingeyes,2,2
860,persian/vid_86.mp4,,annoyed,female,4,"",persian,persian,rollingeyes,4,1
861,persian/vid_90.mp4,,contempt,female,4,"",persian,persian,rollingeyes,4,3
862,persian/vid_88.mp4,,furious,female,5,"",persian,persian,furious,4,6
863,persian/vid_92.mp4,,"contempt,annoyed",male,4,"",persian,persian,smirk,2,4
864,persian/vid_32.mp4,,annoyed,male,4,"",persian,persian,angry,2,3
865,persian/vid_68.mp4,,"anger,annoyed,furious",male,5,"",persian,persian,hatred,2,5
866,persian/vid_74.mp4,,"disgust,annoyed,furious",male,3,"",persian,persian,triumph,2,3
867,persian/vid_10.mp4,,"contempt,disgust",male,4,"",persian,persian,unamused,2,5
868,persian/vid_90.mp4,,furious,female,4,"",persian,persian,weary,2,3
869,persian/vid_30.mp4,,annoyed,female,4,"",persian,persian,neutral,2,4
870,persian/vid_86.mp4,,"annoyed,furious",female,4,"",persian,persian,smirk,2,5
871,persian/vid_16.mp4,,contempt,male,5,"",persian,persian,smirk,2,6
872,persian/vid_20.mp4,,contempt,male,3,"",persian,persian,skeptical,2,3
873,persian/vid_64.mp4,,"annoyed,furious",male,4,"",persian,persian,angry,2,4
874,persian/vid_6.mp4,,none,male,4,sadness,persian,persian,weary,2,3
875,persian/vid_72.mp4,,"anger,hatred",male,4,"",persian,persian,furious,2,6
876,persian/vid_12.mp4,,contempt,male,5,"",persian,persian,smirk,2,6
877,persian/vid_96.mp4,,furious,male,3,"",persian,persian,triumph,2,3
878,persian/vid_84.mp4,,"anger,annoyed",male,4,"",persian,persian,hatred,2,5
879,persian/vid_8.mp4,,"anger,contempt,disgust,annoyed,hatred,furious",female,5,"",persian,persian,triumph,2,6
880,persian/vid_56.mp4,,"annoyed,furious",male,4,"",persian,persian,triumph,2,5
881,persian/vid_80.mp4,,"anger,annoyed",male,4,"",persian,persian,angry,2,4
882,persian/vid_46.mp4,,"anger,disgust,annoyed",male,4,"",persian,persian,furious,2,3
883,persian/vid_26.mp4,,annoyed,male,4,"",persian,persian,"smirk,weary",2,4
884,persian/vid_24.mp4,,"contempt,disgust",female,4,"",persian,persian,smirk,2,4
885,persian/vid_62.mp4,,"annoyed,furious",female,5,"",persian,persian,angry,2,4
886,persian/vid_14.mp4,,none,female,4,"",persian,persian,none,2,4
887,na/vid_61.mp4,,disgust,female,4,"",north american,english,unamused,2,1
888,na/vid_13.mp4,,disgust,female,4,"",north american,english,rollingeyes,2,1
889,na/vid_23.mp4,,none,male,3,clip is to short with too many actors involved,north american,english,expressionless,2,0
890,na/vid_1.mp4,,none,female,3,"",north american,english,neutral,2,0
891,na/vid_65.mp4,,anger,female,4,"",north american,english,angry,2,4
892,na/vid_43.mp4,,annoyed,male,4,"",north american,english,rollingeyes,2,0
893,na/vid_89.mp4,,annoyed,female,4,"",north american,english,expressionless,2,0
894,na/vid_19.mp4,,contempt,male,4,also smug,north american,english,skeptical,2,1
895,na/vid_77.mp4,,anger,female,4,equal parts upset and anger,north american,english,angry,2,3
896,na/vid_9.mp4,,annoyed,female,4,"",north american,english,rollingeyes,2,1
897,na/vid_7.mp4,,annoyed,male,4,focused on guy on the left,north american,english,unamused,2,1
898,na/vid_81.mp4,,anger,male,5,"",north american,english,furious,2,5
899,na/vid_85.mp4,,annoyed,female,5,"",north american,english,angry,2,3
900,na/vid_53.mp4,,disgust,male,5,"",north american,english,nauseated,2,2
901,na/vid_11.mp4,,none,female,4,more confused/bewildered than contemptuous,north american,english,skeptical,2,0
902,na/vid_55.mp4,,disgust,female,4,"",north american,english,skeptical,2,1
903,na/vid_15.mp4,,contempt,female,4,and smug,north american,english,unamused,2,0
904,na/vid_41.mp4,,none,male,4,confused,north american,english,none,2,1
905,na/vid_71.mp4,,furious,female,5,"",north american,english,hatred,2,6
906,na/vid_33.mp4,,none,male,4,questioning,north american,english,none,2,0
907,na/vid_73.mp4,,furious,male,5,"",north american,english,furious,2,6
908,na/vid_83.mp4,,contempt,female,4,"",north american,english,angry,2,1
909,na/vid_57.mp4,,disgust,female,5,"",north american,english,vomiting,2,4
910,na/vid_87.mp4,,anger,male,4,"",north american,english,hatred,2,4
911,na/vid_47.mp4,,disgust,male,5,"",north american,english,nauseated,2,1
912,na/vid_49.mp4,,disgust,male,5,"",north american,english,nauseated,2,1
913,na/vid_21.mp4,,none,male,4,confused,north american,english,skeptical,2,0
914,na/vid_45.mp4,,disgust,male,4,"",north american,english,nauseated,2,1
915,na/vid_29.mp4,,none,male,3,"",north american,english,expressionless,2,0
916,na/vid_69.mp4,,annoyed,male,4,frustrated,north american,english,angry,2,1
917,na/vid_25.mp4,,contempt,male,4,focus on black shirt guy,north american,english,unamused,2,1
918,na/vid_59.mp4,,disgust,female,4,"",north american,english,unamused,2,0
919,na/vid_63.mp4,,contempt,female,4,"",north american,english,rollingeyes,2,2
920,na/vid_3.mp4,,contempt,female,4,"",north american,english,rollingeyes,2,1
921,na/vid_35.mp4,,none,male,3,he looks unsure/insecure,north american,english,none,2,0
922,na/vid_27.mp4,,none,male,3,second guessing,north american,english,none,2,0
923,na/vid_37.mp4,,disgust,male,4,"",north american,english,unamused,2,0
924,na/vid_31.mp4,,none,male,4,"",north american,english,neutral,2,0
